{"assets/.gitkeep":["assets/.gitkeep"],"assets/icons/.gitkeep":["assets/icons/.gitkeep"],"assets/icons/GENERATE_ICONS.md":["assets/icons/GENERATE_ICONS.md"],"assets/icons/README.md":["assets/icons/README.md"],"assets/icons/app_icon.png":["assets/icons/app_icon.png"],"assets/icons/app_icon.svg":["assets/icons/app_icon.svg"],"assets/icons/app_icon_adaptive.png":["assets/icons/app_icon_adaptive.png"],"config/app_config.json":["config/app_config.json"],"config/prompts/default_prompts.json":["config/prompts/default_prompts.json"],"config/themes/dark_theme.json":["config/themes/dark_theme.json"],"config/themes/light_theme.json":["config/themes/light_theme.json"],"config/vocabulary/default_vocabulary.json":["config/vocabulary/default_vocabulary.json"],"packages/lucide_icons/assets/lucide.ttf":["packages/lucide_icons/assets/lucide.ttf"],"packages/record_web/assets/js/record.fixwebmduration.js":["packages/record_web/assets/js/record.fixwebmduration.js"],"packages/record_web/assets/js/record.worklet.js":["packages/record_web/assets/js/record.worklet.js"]}