{
  "version": "1.0.0",
  "vocabularies": [
    {
      "id": "default-general",
      "name": "General",
      "description": "Common words and phrases",
      "category": "general",
      "words": [
        "AI",
        "API",
        "UI",
        "UX",
        "iOS",
        "Android",
        "macOS",
        "Windows",
        "GitHub",
        "Google",
        "Flutter",
        "Dart",
        "JavaScript",
        "Python",
        "machine learning",
        "deep learning",
        "neural network"
      ],
      "isDefault": true
    },
    {
      "id": "default-tech",
      "name": "Technology",
      "description": "Tech industry terminology",
      "category": "technology",
      "words": [
        "Kubernetes",
        "Docker",
        "AWS",
        "Azure",
        "GCP",
        "PostgreSQL",
        "MongoDB",
        "React",
        "Vue",
        "Angular",
        "Node.js",
        "TypeScript",
        "GraphQL",
        "REST",
        "microservices",
        "serverless",
        "DevOps",
        "CI/CD",
        "agile",
        "scrum"
      ],
      "isDefault": true
    },
    {
      "id": "default-business",
      "name": "Business",
      "description": "Business and corporate terminology",
      "category": "business",
      "words": [
        "ROI",
        "KPI",
        "B2B",
        "B2C",
        "SaaS",
        "PaaS",
        "stakeholder",
        "synergy",
        "leverage",
        "scalable",
        "monetize",
        "pivot",
        "runway",
        "valuation",
        "acquisition",
        "merger",
        "IPO",
        "venture capital",
        "seed funding"
      ],
      "isDefault": true
    },
    {
      "id": "default-medical",
      "name": "Medical",
      "description": "Medical and healthcare terminology",
      "category": "medical",
      "words": [
        "diagnosis",
        "prognosis",
        "treatment",
        "symptoms",
        "therapy",
        "clinical",
        "patient",
        "diagnosis",
        "prescription",
        "medication",
        "radiology",
        "pathology",
        "anesthesia",
        "surgery",
        "recovery",
        "rehabilitation"
      ],
      "isDefault": true
    },
    {
      "id": "default-legal",
      "name": "Legal",
      "description": "Legal terminology and phrases",
      "category": "legal",
      "words": [
        "liability",
        "contract",
        "agreement",
        "jurisdiction",
        "plaintiff",
        "defendant",
        "testimony",
        "evidence",
        "verdict",
        "settlement",
        "litigation",
        "arbitration",
        "compliance",
        "regulation",
        "statute",
        "precedent"
      ],
      "isDefault": true
    },
    {
      "id": "default-finance",
      "name": "Finance",
      "description": "Financial and investment terminology",
      "category": "finance",
      "words": [
        "portfolio",
        "dividend",
        "equity",
        "assets",
        "liability",
        "revenue",
        "profit",
        "loss",
        "investment",
        "credit",
        "debit",
        "interest",
        "inflation",
        "recession",
        "bull market",
        "bear market"
      ],
      "isDefault": true
    }
  ]
}